{"loss":{"0":0.758906126,"1":0.6326861382,"2":0.5986306667,"3":0.5797308683,"4":0.5659819245,"5":0.5541757941,"6":0.5464485288,"7":0.5397325158,"8":0.5336188674,"9":0.5300701857,"10":0.5248498321,"11":0.5206308365,"12":0.5172621608,"13":0.512637496,"14":0.5108927488,"15":0.5082762241,"16":0.5062145591,"17":0.5015683174,"18":0.4999935329,"19":0.4992106259,"20":0.4969372451,"21":0.4949629903,"22":0.4928369224,"23":0.4921626151,"24":0.4880312681,"25":0.4882234633,"26":0.4861498177,"27":0.4844076931,"28":0.4652194977,"29":0.4614481926,"30":0.4615462124,"31":0.460431695,"32":0.4588574171,"33":0.4582449496,"34":0.4576262832,"35":0.4572120309,"36":0.4569462836,"37":0.4572438896,"38":0.4580012262,"39":0.4563755393,"40":0.4571579397,"41":0.4565984905,"42":0.457302779,"43":0.4572087526,"44":0.4567943513,"45":0.4565627873,"46":0.4580922425,"47":0.456798166,"48":0.4573992193,"49":0.4562058449,"50":0.457384795,"51":0.4569017291,"52":0.4570324719,"53":0.4571287036,"54":0.4571889341,"55":0.4571317434,"56":0.4562492073},"accuracy":{"0":0.8202123046,"1":0.7992581725,"2":0.7933236957,"3":0.7901087403,"4":0.7878383398,"5":0.7862107754,"6":0.7850875854,"7":0.7841114402,"8":0.7831261754,"9":0.7818223834,"10":0.7814938426,"11":0.7810474038,"12":0.7801969051,"13":0.7796570659,"14":0.7793578506,"15":0.7786331177,"16":0.7783799171,"17":0.7783282995,"18":0.7778021693,"19":0.7773523927,"20":0.7771568298,"21":0.7768910527,"22":0.776399374,"23":0.7759123445,"24":0.7765862942,"25":0.7760165334,"26":0.7751264572,"27":0.7756059766,"28":0.7729853988,"29":0.7728745937,"30":0.7720586658,"31":0.7724644542,"32":0.7724947929,"33":0.7720551491,"34":0.7723497748,"35":0.7720739841,"36":0.7721751332,"37":0.7720803022,"38":0.7719915509,"39":0.7719216347,"40":0.7722226381,"41":0.7722745538,"42":0.7720445991,"43":0.7720299363,"44":0.7720832229,"45":0.7719309926,"46":0.7717935443,"47":0.7721222043,"48":0.772164762,"49":0.7722806334,"50":0.7716306448,"51":0.7720395923,"52":0.7724092603,"53":0.771771431,"54":0.7718833685,"55":0.7719945312,"56":0.7719964385},"updated_mean_io_u":{"0":0.1167747453,"1":0.2123989016,"2":0.2427077591,"3":0.2606199384,"4":0.2728156149,"5":0.2832957506,"6":0.2904089391,"7":0.2963987291,"8":0.3016295731,"9":0.305988431,"10":0.3102191985,"11":0.3134012818,"12":0.3169908524,"13":0.320449084,"14":0.3226300478,"15":0.3256037533,"16":0.3274044693,"17":0.3302674592,"18":0.331726104,"19":0.3337624073,"20":0.3363704979,"21":0.3371569812,"22":0.3395398557,"23":0.3408272266,"24":0.342756778,"25":0.34311831,"26":0.3455827236,"27":0.3473623395,"28":0.3645849228,"29":0.3672386706,"30":0.3683532178,"31":0.3689131737,"32":0.3708314896,"33":0.3712475598,"34":0.37159729,"35":0.3720872402,"36":0.3725529015,"37":0.3723761439,"38":0.3711152375,"39":0.372889787,"40":0.3730487227,"41":0.372630477,"42":0.3728076518,"43":0.3721671999,"44":0.3731799126,"45":0.3725125492,"46":0.3722352982,"47":0.3730588257,"48":0.3723236024,"49":0.3728325665,"50":0.3722445965,"51":0.3728222847,"52":0.3731580079,"53":0.3733743131,"54":0.3727293015,"55":0.3728196323,"56":0.3728404939},"val_loss":{"0":0.7204685211,"1":0.6722719073,"2":0.651553154,"3":0.6430532336,"4":0.6293296218,"5":0.6232089996,"6":0.620999217,"7":0.6136549711,"8":0.611833632,"9":0.6086176038,"10":0.6029896736,"11":0.6027834415,"12":0.601100266,"13":0.600050211,"14":0.6029885411,"15":0.5983607769,"16":0.5985816717,"17":0.5980378389,"18":0.5949706435,"19":0.5931007862,"20":0.596394062,"21":0.5958629251,"22":0.5929126143,"23":0.5955809951,"24":0.5926086903,"25":0.5927903652,"26":0.5954848528,"27":0.593252182,"28":0.5821430087,"29":0.5827294588,"30":0.5827993155,"31":0.5825148821,"32":0.5803859234,"33":0.5797297955,"34":0.5797917247,"35":0.5797318816,"36":0.5792619586,"37":0.5814023018,"38":0.5804511905,"39":0.579795599,"40":0.5796645284,"41":0.5796849132,"42":0.5793569684,"43":0.5801134109,"44":0.580301106,"45":0.5812450051,"46":0.5787655711,"47":0.5794993043,"48":0.5800325871,"49":0.5797845721,"50":0.5798248053,"51":0.5798749328,"52":0.5794299245,"53":0.5795009732,"54":0.5795959234,"55":0.5801799893,"56":0.5800384283},"val_accuracy":{"0":0.7625418305,"1":0.7701181173,"2":0.7743592262,"3":0.777741015,"4":0.7788876295,"5":0.7751765251,"6":0.784163475,"7":0.7790876627,"8":0.7802744508,"9":0.7772318125,"10":0.7771849036,"11":0.7732813954,"12":0.7697832584,"13":0.7752035856,"14":0.7760237455,"15":0.7736153603,"16":0.7704256773,"17":0.7730360031,"18":0.7647271156,"19":0.7646972537,"20":0.7602152824,"21":0.7621173263,"22":0.7598395944,"23":0.7541480064,"24":0.7561665773,"25":0.7588648796,"26":0.7581421733,"27":0.7576788068,"28":0.765868485,"29":0.7662633657,"30":0.7673264742,"31":0.7683091164,"32":0.7677332163,"33":0.7674603462,"34":0.7680604458,"35":0.7678381801,"36":0.7688080072,"37":0.7686762214,"38":0.7678785324,"39":0.7688381672,"40":0.767418921,"41":0.7675592899,"42":0.7675657868,"43":0.7674620748,"44":0.7671085,"45":0.76661551,"46":0.7668763995,"47":0.7676608562,"48":0.7673016191,"49":0.7675999403,"50":0.7676144838,"51":0.7672644258,"52":0.766905129,"53":0.7663838863,"54":0.7666794062,"55":0.7670126557,"56":0.7666839361},"val_updated_mean_io_u":{"0":0.1893795431,"1":0.2288520187,"2":0.2491840571,"3":0.2600967884,"4":0.2709624767,"5":0.2796462178,"6":0.2822337747,"7":0.2875856459,"8":0.2914478779,"9":0.2919949293,"10":0.2979854941,"11":0.2997160256,"12":0.3004616499,"13":0.3026498258,"14":0.3033535779,"15":0.3059851229,"16":0.3054256737,"17":0.3066709638,"18":0.3083713055,"19":0.311755985,"20":0.3093700707,"21":0.310765624,"22":0.3130667508,"23":0.3105636537,"24":0.3108235598,"25":0.3125530481,"26":0.3102979362,"27":0.3109084368,"28":0.3215495348,"29":0.3206332624,"30":0.3203832209,"31":0.3202673495,"32":0.3244070709,"33":0.3248369694,"34":0.324583739,"35":0.3248827755,"36":0.3241697848,"37":0.323658675,"38":0.3241942227,"39":0.3242863417,"40":0.3240877092,"41":0.324719429,"42":0.324095726,"43":0.3237024546,"44":0.3246082366,"45":0.3242104948,"46":0.3244408369,"47":0.3244772553,"48":0.3244919479,"49":0.3243145645,"50":0.3244066238,"51":0.3248293698,"52":0.3248254657,"53":0.3242934942,"54":0.3246506453,"55":0.3243888915,"56":0.3246559501},"lr":{"0":0.001,"1":0.001,"2":0.001,"3":0.001,"4":0.001,"5":0.001,"6":0.001,"7":0.001,"8":0.001,"9":0.001,"10":0.001,"11":0.001,"12":0.001,"13":0.001,"14":0.001,"15":0.001,"16":0.001,"17":0.001,"18":0.001,"19":0.001,"20":0.001,"21":0.001,"22":0.001,"23":0.001,"24":0.001,"25":0.001,"26":0.001,"27":0.001,"28":0.0001,"29":0.0001,"30":0.0001,"31":0.0001,"32":0.00001,"33":0.00001,"34":0.00001,"35":0.00001,"36":0.00001,"37":0.00001,"38":0.00001,"39":0.00001,"40":0.000001,"41":0.000001,"42":0.000001,"43":0.0000001,"44":0.0000001,"45":0.0000001,"46":0.00000001,"47":0.00000001,"48":0.00000001,"49":0.00000001,"50":0.000000001,"51":0.000000001,"52":0.000000001,"53":0.0000000001,"54":0.0000000001,"55":0.0000000001,"56":0.0000000001}}