{"loss":{"0":0.6781240106,"1":0.5661822557,"2":0.5384653807,"3":0.5207082033,"4":0.5096764565,"5":0.4999915659,"6":0.4925377369,"7":0.4852595925,"8":0.4804936349,"9":0.4742430747,"10":0.469073534,"11":0.4666063786,"12":0.4426034093,"13":0.4385083318,"14":0.4363770187,"15":0.435220629,"16":0.4344296753,"17":0.4331015944,"18":0.4300130904,"19":0.4301787913,"20":0.429097712,"21":0.4293779731,"22":0.4285505414,"23":0.42885077,"24":0.4287091494,"25":0.4292280972,"26":0.4289398193,"27":0.4292289019,"28":0.4291935861,"29":0.4282642603,"30":0.4283151627,"31":0.4296598136,"32":0.4290971756,"33":0.4286882579,"34":0.4302042127},"accuracy":{"0":0.9106198549,"1":0.8886504769,"2":0.8830643892,"3":0.8800112605,"4":0.878013134,"5":0.8761078715,"6":0.8748703003,"7":0.8733401299,"8":0.8723528981,"9":0.8717595339,"10":0.8708384037,"11":0.8698088527,"12":0.8665729761,"13":0.8656576276,"14":0.8653360605,"15":0.8651719093,"16":0.8651071787,"17":0.8650192618,"18":0.8645554185,"19":0.8643218875,"20":0.8644852638,"21":0.8640381098,"22":0.8642480373,"23":0.8640977144,"24":0.864190042,"25":0.8639458418,"26":0.8638570309,"27":0.8641650677,"28":0.8642463088,"29":0.8641470671,"30":0.8639814258,"31":0.8642212749,"32":0.8640300035,"33":0.8641679883,"34":0.8638424873},"updated_mean_io_u":{"0":0.1214312166,"1":0.2230828702,"2":0.2506729662,"3":0.2669145167,"4":0.2778164744,"5":0.2871931493,"6":0.2939168513,"7":0.299684912,"8":0.3049817681,"9":0.3096541464,"10":0.3137979209,"11":0.3170422018,"12":0.3386865854,"13":0.3433180451,"14":0.3452049792,"15":0.3459602892,"16":0.3470913768,"17":0.3474997282,"18":0.350635916,"19":0.3513505459,"20":0.3515640497,"21":0.352113694,"22":0.352516681,"23":0.3526835144,"24":0.3523522019,"25":0.3523854315,"26":0.3527621031,"27":0.3524030745,"28":0.3521686494,"29":0.3527023196,"30":0.3527879715,"31":0.3522396088,"32":0.3526261151,"33":0.3525706232,"34":0.3523598015},"val_loss":{"0":0.6466918588,"1":0.6074354053,"2":0.5891869068,"3":0.5830311179,"4":0.5725795031,"5":0.5712784529,"6":0.5651859045,"7":0.5656344295,"8":0.5605913997,"9":0.5635855198,"10":0.5611007214,"11":0.561771214,"12":0.5438275933,"13":0.5437754989,"14":0.5432313681,"15":0.5437906384,"16":0.5433656573,"17":0.5443820953,"18":0.5414236188,"19":0.5403904319,"20":0.5417410731,"21":0.5416512489,"22":0.5412887335,"23":0.541605711,"24":0.5403257608,"25":0.541154623,"26":0.5418189764,"27":0.5412703753,"28":0.5413980484,"29":0.5410508513,"30":0.5411550403,"31":0.5416668057,"32":0.5416781902,"33":0.541513741,"34":0.5414615273},"val_accuracy":{"0":0.8585758805,"1":0.8643836379,"2":0.8574672341,"3":0.8701456785,"4":0.8614560366,"5":0.8616936803,"6":0.8664029241,"7":0.86921525,"8":0.8683353662,"9":0.8687705994,"10":0.8701243997,"11":0.8667708039,"12":0.8574335575,"13":0.858528316,"14":0.8585563898,"15":0.8593385816,"16":0.8591490388,"17":0.8605783582,"18":0.859744668,"19":0.8596668243,"20":0.8599790931,"21":0.8606291413,"22":0.8610393405,"23":0.860316515,"24":0.8610394001,"25":0.8602690101,"26":0.8600845337,"27":0.8603253365,"28":0.860163331,"29":0.860257268,"30":0.8602513075,"31":0.8600955606,"32":0.8604506254,"33":0.8605114818,"34":0.8599384427},"val_updated_mean_io_u":{"0":0.2008419484,"1":0.2353743315,"2":0.2592792511,"3":0.262134254,"4":0.2747200131,"5":0.2785428464,"6":0.283410579,"7":0.2819357514,"8":0.2866280675,"9":0.2886577249,"10":0.2904524803,"11":0.2910493612,"12":0.3169693351,"13":0.316593647,"14":0.3166763484,"15":0.3162400723,"16":0.3163270354,"17":0.3153501749,"18":0.3189035356,"19":0.3193507195,"20":0.3188534379,"21":0.3191826344,"22":0.3197029233,"23":0.319222033,"24":0.3190492988,"25":0.319050014,"26":0.3189280033,"27":0.3188963532,"28":0.3188239038,"29":0.3185437918,"30":0.3188151121,"31":0.3189937174,"32":0.3190998137,"33":0.3188301921,"34":0.3188916743},"lr":{"0":0.001,"1":0.001,"2":0.001,"3":0.001,"4":0.001,"5":0.001,"6":0.001,"7":0.001,"8":0.001,"9":0.001,"10":0.001,"11":0.001,"12":0.0001,"13":0.0001,"14":0.0001,"15":0.0001,"16":0.0001,"17":0.0001,"18":0.00001,"19":0.00001,"20":0.00001,"21":0.00001,"22":0.00001,"23":0.000001,"24":0.000001,"25":0.000001,"26":0.0000001,"27":0.0000001,"28":0.0000001,"29":0.00000001,"30":0.00000001,"31":0.00000001,"32":0.000000001,"33":0.000000001,"34":0.000000001}}