{"loss":{"0":0.751291275,"1":0.5790578127,"2":0.461682111,"3":0.428676784,"4":0.4060220718,"5":0.3892985284,"6":0.3763038814,"7":0.3627672493,"8":0.3523977101,"9":0.3428210914,"10":0.3347689807,"11":0.324832052,"12":0.3359231651,"13":0.2877838612,"14":0.2809472084,"15":0.2771474421,"16":0.275070399,"17":0.2727631629,"18":0.2706231475,"19":0.2687994838,"20":0.2655145824,"21":0.264419049,"22":0.2635547221,"23":0.2640987933,"24":0.263238728,"25":0.2632021904,"26":0.2635037601,"27":0.2630054057,"28":0.2621119022,"29":0.2621149421,"30":0.2615965009,"31":0.2610480189,"32":0.261387974,"33":0.2618451715,"34":0.2624916732},"accuracy":{"0":0.9086170793,"1":0.8727821708,"2":0.8617846966,"3":0.8553830981,"4":0.8510711193,"5":0.8484293818,"6":0.8455797434,"7":0.8430694938,"8":0.841379106,"9":0.8397127986,"10":0.8382978439,"11":0.8371335864,"12":0.8354471326,"13":0.8328693509,"14":0.8317462206,"15":0.8312516809,"16":0.8310702443,"17":0.8309737444,"18":0.8303011656,"19":0.8303827643,"20":0.8296046853,"21":0.8299070001,"22":0.8300848603,"23":0.8295612335,"24":0.8296303749,"25":0.829575181,"26":0.8295234442,"27":0.8295120001,"28":0.8298472762,"29":0.8292247057,"30":0.8297197223,"31":0.8300308585,"32":0.8296319246,"33":0.8292881846,"34":0.8295434713},"updated_mean_io_u":{"0":0.0862069428,"1":0.2093059272,"2":0.2741728425,"3":0.3082000315,"4":0.3334528506,"5":0.3520159125,"6":0.3681035936,"7":0.3825159669,"8":0.3940900862,"9":0.4063333869,"10":0.4155182242,"11":0.4266303182,"12":0.4329515398,"13":0.4698663652,"14":0.4804225862,"15":0.4838134348,"16":0.4874264598,"17":0.4895732999,"18":0.4917307794,"19":0.4951173365,"20":0.4997200072,"21":0.5000950098,"22":0.4999524057,"23":0.5014416575,"24":0.5007840991,"25":0.5015416741,"26":0.5024234056,"27":0.5028899908,"28":0.5036016703,"29":0.5038286448,"30":0.5041742325,"31":0.5048072934,"32":0.5048018098,"33":0.5039150715,"34":0.5030798912},"val_loss":{"0":0.6195162535,"1":0.5423941612,"2":0.4968108237,"3":0.4816209972,"4":0.468860805,"5":0.4613902867,"6":0.4608146846,"7":0.4477472007,"8":0.4523069263,"9":0.4415718317,"10":0.4437535405,"11":0.4506183267,"12":0.4447458088,"13":0.4188194573,"14":0.4181957245,"15":0.4178194702,"16":0.4166357219,"17":0.4181773961,"18":0.417724818,"19":0.4191928506,"20":0.4173235595,"21":0.4150073528,"22":0.4159471095,"23":0.4159772396,"24":0.4148806632,"25":0.4158874154,"26":0.4152627289,"27":0.4164936244,"28":0.415322274,"29":0.4159785509,"30":0.4149976075,"31":0.4150690734,"32":0.4154098034,"33":0.4158185422,"34":0.4161017537},"val_accuracy":{"0":0.847048521,"1":0.8446086049,"2":0.8375555277,"3":0.8443260193,"4":0.8347777128,"5":0.8453404307,"6":0.8429329395,"7":0.8339013457,"8":0.8375097513,"9":0.831390202,"10":0.8344167471,"11":0.8277961612,"12":0.8386967778,"13":0.818243742,"14":0.8201240897,"15":0.8217150569,"16":0.8147894144,"17":0.8171604872,"18":0.8200509548,"19":0.8155797124,"20":0.8180676103,"21":0.8158484697,"22":0.8152529001,"23":0.8166825175,"24":0.8165532947,"25":0.8163207173,"26":0.8163496256,"27":0.8164320588,"28":0.8168205023,"29":0.8165299296,"30":0.8157440424,"31":0.8158391118,"32":0.8158817887,"33":0.8158380389,"34":0.8148601055},"val_updated_mean_io_u":{"0":0.1630919874,"1":0.2427042723,"2":0.2899954319,"3":0.3080446124,"4":0.3285585642,"5":0.3322241902,"6":0.3493956625,"7":0.3519687057,"8":0.3583783209,"9":0.3710257113,"10":0.3666256666,"11":0.3740689158,"12":0.3702462614,"13":0.4022492766,"14":0.4039576948,"15":0.4065726399,"16":0.4080477655,"17":0.4085848927,"18":0.4089730382,"19":0.410977304,"20":0.4123230875,"21":0.4140861928,"22":0.4142534137,"23":0.4141488969,"24":0.4139028192,"25":0.4145201147,"26":0.4144238532,"27":0.4146152437,"28":0.4149261415,"29":0.414047718,"30":0.414912045,"31":0.414945066,"32":0.414720118,"33":0.4145856798,"34":0.4146444201},"lr":{"0":0.001,"1":0.001,"2":0.001,"3":0.001,"4":0.001,"5":0.001,"6":0.001,"7":0.001,"8":0.001,"9":0.001,"10":0.001,"11":0.001,"12":0.001,"13":0.0001,"14":0.0001,"15":0.0001,"16":0.0001,"17":0.0001,"18":0.0001,"19":0.0001,"20":0.00001,"21":0.00001,"22":0.00001,"23":0.00001,"24":0.00001,"25":0.00001,"26":0.00001,"27":0.00001,"28":0.000001,"29":0.000001,"30":0.000001,"31":0.0000001,"32":0.0000001,"33":0.0000001,"34":0.00000001}}