{"loss":{"0":0.6858896017,"1":0.4826090336,"2":0.4336879551,"3":0.4070223868,"4":0.3878118992,"5":0.372782141,"6":0.3603269458,"7":0.3488353491,"8":0.3379949331,"9":0.3296028376,"10":0.3213543892,"11":0.3152642548,"12":0.2869252861,"13":0.2805815935,"14":0.277842164,"15":0.2761398554,"16":0.2726987302,"17":0.2699210644,"18":0.2692783475,"19":0.269256562,"20":0.2681592405,"21":0.268813014,"22":0.2679786682,"23":0.2678270042,"24":0.2671049237,"25":0.2673566639,"26":0.267134726,"27":0.2672842443,"28":0.2673006058,"29":0.2668620348,"30":0.2672522962,"31":0.2673235238,"32":0.2670948505,"33":0.267300874,"34":0.2666461468},"accuracy":{"0":0.9056974649,"1":0.868678987,"2":0.8583287001,"3":0.8535631895,"4":0.8497112989,"5":0.8464973569,"6":0.8441084623,"7":0.8420532942,"8":0.8402150273,"9":0.8388900757,"10":0.8371216059,"11":0.8357176781,"12":0.8323047161,"13":0.8317052126,"14":0.8306788206,"15":0.8308309317,"16":0.8305541277,"17":0.8300941586,"18":0.8301179409,"19":0.8300517797,"20":0.8300405145,"21":0.8299150467,"22":0.8296849132,"23":0.8293853998,"24":0.8297175169,"25":0.8300561905,"26":0.8297418356,"27":0.8296493888,"28":0.8294606209,"29":0.8301742077,"30":0.8293868303,"31":0.8296098113,"32":0.8294423819,"33":0.8290372491,"34":0.8298096657},"updated_mean_io_u":{"0":0.1034733281,"1":0.245444566,"2":0.2998443544,"3":0.3282871246,"4":0.3232769668,"5":0.3319182694,"6":0.3451575041,"7":0.3568822443,"8":0.3636677265,"9":0.3945529759,"10":0.3854876757,"11":0.4119754434,"12":0.4721016884,"13":0.4513388276,"14":0.4777631462,"15":0.4875265062,"16":0.4666178226,"17":0.4480294287,"18":0.465272665,"19":0.4394556582,"20":0.4828864336,"21":0.4896201491,"22":0.4894900918,"23":0.4625219405,"24":0.4474150538,"25":0.4727887213,"26":0.4853342474,"27":0.4963037372,"28":0.4975435138,"29":0.4792788327,"30":0.436447233,"31":0.4899730086,"32":0.4408284426,"33":0.4980666041,"34":0.4913930893},"val_loss":{"0":0.5862313509,"1":0.5041279197,"2":0.4884473383,"3":0.4705316722,"4":0.4564286768,"5":0.446787864,"6":0.4467065036,"7":0.4376448691,"8":0.4355847836,"9":0.435590744,"10":0.4410785437,"11":0.437859267,"12":0.4121876359,"13":0.4101017118,"14":0.4121722877,"15":0.4114276171,"16":0.4126347303,"17":0.4094657302,"18":0.4094610512,"19":0.4087498188,"20":0.4106194675,"21":0.4091410935,"22":0.4096103907,"23":0.4096184969,"24":0.4087251425,"25":0.4090091884,"26":0.4091379941,"27":0.4095096588,"28":0.4088008702,"29":0.4099567831,"30":0.4088039696,"31":0.4088957012,"32":0.4093902409,"33":0.4098347425,"34":0.4097396731},"val_accuracy":{"0":0.8418895006,"1":0.8364144564,"2":0.837714076,"3":0.8361518383,"4":0.8321734667,"5":0.8285974264,"6":0.8287733197,"7":0.8300851583,"8":0.819766283,"9":0.8197463751,"10":0.823317647,"11":0.8177214861,"12":0.815081358,"13":0.8124532104,"14":0.8149191141,"15":0.8145455718,"16":0.8129456639,"17":0.8152918816,"18":0.8142867684,"19":0.8154657483,"20":0.8139897585,"21":0.8157038093,"22":0.8149489164,"23":0.8152795434,"24":0.8151139021,"25":0.8152340055,"26":0.814452827,"27":0.8148971796,"28":0.8153522015,"29":0.8139571548,"30":0.8150327802,"31":0.8143159151,"32":0.8136448264,"33":0.8150263429,"34":0.8141183257},"val_updated_mean_io_u":{"0":0.2026804984,"1":0.2754171491,"2":0.2974277437,"3":0.3220904171,"4":0.3325403631,"5":0.3478178084,"6":0.3558909893,"7":0.3658109307,"8":0.374211669,"9":0.3801961243,"10":0.3734013438,"11":0.3780193925,"12":0.4063194692,"13":0.4096242487,"14":0.4074627757,"15":0.4117640555,"16":0.4103313982,"17":0.4132090509,"18":0.4143026471,"19":0.4131352305,"20":0.4131044447,"21":0.4134236872,"22":0.4132529199,"23":0.4128262997,"24":0.4133030772,"25":0.4133238196,"26":0.4132675231,"27":0.4132617414,"28":0.4135192931,"29":0.4130098224,"30":0.4131542146,"31":0.4135560989,"32":0.4140483737,"33":0.4132824838,"34":0.4134237766},"lr":{"0":0.001,"1":0.001,"2":0.001,"3":0.001,"4":0.001,"5":0.001,"6":0.001,"7":0.001,"8":0.001,"9":0.001,"10":0.001,"11":0.001,"12":0.0001,"13":0.0001,"14":0.0001,"15":0.0001,"16":0.0001,"17":0.00001,"18":0.00001,"19":0.00001,"20":0.00001,"21":0.00001,"22":0.00001,"23":0.000001,"24":0.000001,"25":0.000001,"26":0.0000001,"27":0.0000001,"28":0.0000001,"29":0.00000001,"30":0.00000001,"31":0.00000001,"32":0.000000001,"33":0.000000001,"34":0.000000001}}