{"loss":{"0":0.6454659104,"1":0.4742958844,"2":0.4271780252,"3":0.4005461931,"4":0.3823941946,"5":0.366936326,"6":0.3547223508,"7":0.3443343043,"8":0.3338568211,"9":0.3254286647,"10":0.3175159097,"11":0.3104537725,"12":0.283916086,"13":0.2764065266,"14":0.2728870809,"15":0.2705542445,"16":0.2688185275,"17":0.2667447031,"18":0.2639792562,"19":0.2620658576,"20":0.2595412731,"21":0.260764122,"22":0.2598162591,"23":0.2598716319,"24":0.2601177394,"25":0.258885324,"26":0.2590197921,"27":0.2587549984,"28":0.2580932081,"29":0.2585712075,"30":0.2589935362,"31":0.2582656145},"accuracy":{"0":0.9006528258,"1":0.866986692,"2":0.8574348688,"3":0.8517516851,"4":0.8479321003,"5":0.845066011,"6":0.8422310948,"7":0.8407198787,"8":0.8395343423,"9":0.8375225067,"10":0.8363527656,"11":0.8353279233,"12":0.8309509158,"13":0.8304614425,"14":0.8300019503,"15":0.8299003243,"16":0.8295582533,"17":0.8294198513,"18":0.8296689391,"19":0.8284122348,"20":0.8288058639,"21":0.8286818862,"22":0.8283002973,"23":0.8287262917,"24":0.8287125826,"25":0.8278321028,"26":0.8280257583,"27":0.8283317685,"28":0.8289128542,"29":0.8286092281,"30":0.828608036,"31":0.8287267089},"updated_mean_io_u":{"0":0.1111575663,"1":0.2557293475,"2":0.3071359694,"3":0.338724345,"4":0.3606033921,"5":0.3787487447,"6":0.3930539787,"7":0.4048248231,"8":0.4163128436,"9":0.4266256392,"10":0.4357485771,"11":0.4451132715,"12":0.4785975814,"13":0.4877820015,"14":0.491194725,"15":0.4958836436,"16":0.4959101677,"17":0.5001916289,"18":0.5023581386,"19":0.5049225092,"20":0.5080538988,"21":0.5075726509,"22":0.508889854,"23":0.5077627301,"24":0.5082276464,"25":0.5094422102,"26":0.5092281103,"27":0.5101839304,"28":0.5097227693,"29":0.509174943,"30":0.510014832,"31":0.5105106831},"val_loss":{"0":0.5638817549,"1":0.5008068681,"2":0.4721649587,"3":0.4570583105,"4":0.4421126842,"5":0.4381114841,"6":0.4365901947,"7":0.4364496469,"8":0.4322815835,"9":0.4359864891,"10":0.4328716695,"11":0.435882628,"12":0.4151609242,"13":0.415612787,"14":0.4152963459,"15":0.4150090814,"16":0.4169661999,"17":0.4168181419,"18":0.4196368456,"19":0.4149477184,"20":0.4171855748,"21":0.4147931039,"22":0.4159729481,"23":0.4162952006,"24":0.4156346023,"25":0.4158312976,"26":0.4159575999,"27":0.4161627591,"28":0.4156574309,"29":0.4164213538,"30":0.415664047,"31":0.4157074988},"val_accuracy":{"0":0.8377919793,"1":0.8356828094,"2":0.8365906477,"3":0.8264368773,"4":0.8236094713,"5":0.8275890946,"6":0.8238013387,"7":0.8190808296,"8":0.8162761927,"9":0.8250579834,"10":0.8323327899,"11":0.8263761997,"12":0.8112044334,"13":0.8091359735,"14":0.8111479282,"15":0.810336113,"16":0.8116770387,"17":0.8115643263,"18":0.808801949,"19":0.8155225515,"20":0.8138948679,"21":0.8148338795,"22":0.8139338493,"23":0.8148527741,"24":0.8133469224,"25":0.8133949637,"26":0.8135375977,"27":0.814258039,"28":0.8137794733,"29":0.8128648996,"30":0.8128738999,"31":0.8127566576},"val_updated_mean_io_u":{"0":0.2231104076,"1":0.2810534835,"2":0.318238318,"3":0.3426283002,"4":0.3589370251,"5":0.3697118163,"6":0.3740462065,"7":0.3777608275,"8":0.3833732903,"9":0.3845767677,"10":0.3867818117,"11":0.3929265141,"12":0.4166027904,"13":0.4173284471,"14":0.4190618992,"15":0.4209426343,"16":0.4194731116,"17":0.4198224545,"18":0.4201585352,"19":0.4230169654,"20":0.4236351848,"21":0.424051851,"22":0.4242549837,"23":0.4235198498,"24":0.4244216084,"25":0.4243935645,"26":0.4247243404,"27":0.4240731299,"28":0.424164474,"29":0.4236812592,"30":0.4244759977,"31":0.4247439802},"lr":{"0":0.001,"1":0.001,"2":0.001,"3":0.001,"4":0.001,"5":0.001,"6":0.001,"7":0.001,"8":0.001,"9":0.001,"10":0.001,"11":0.001,"12":0.0001,"13":0.0001,"14":0.0001,"15":0.0001,"16":0.0001,"17":0.0001,"18":0.0001,"19":0.00001,"20":0.00001,"21":0.00001,"22":0.00001,"23":0.00001,"24":0.00001,"25":0.000001,"26":0.000001,"27":0.000001,"28":0.0000001,"29":0.0000001,"30":0.0000001,"31":0.00000001}}