{"loss":{"0":0.6944814324,"1":0.5035650134,"2":0.4513281286,"3":0.4213779271,"4":0.4009340405,"5":0.3827245235,"6":0.3685657382,"7":0.3564379513,"8":0.3454852402,"9":0.3361904621,"10":0.3260061145,"11":0.3186949492,"12":0.3118740022,"13":0.3035008311,"14":0.27878353,"15":0.2718167007,"16":0.2693179548,"17":0.266222477,"18":0.2626288831,"19":0.2629467845,"20":0.2615291774,"21":0.2616436779,"22":0.2605709136,"23":0.2603729665,"24":0.2604599297,"25":0.2609272301,"26":0.2608950436,"27":0.2606690228,"28":0.2605000734,"29":0.2602319717,"30":0.2601441741,"31":0.2600712776,"32":0.2599007785,"33":0.2597584426,"34":0.2604899406},"accuracy":{"0":0.9111747146,"1":0.8722486496,"2":0.8617346287,"3":0.8555979729,"4":0.8512779474,"5":0.8477468491,"6":0.845245719,"7":0.8430867195,"8":0.8404583335,"9":0.8392096758,"10":0.8380836248,"11":0.836365819,"12":0.8355699182,"13":0.8346406221,"14":0.8317065835,"15":0.8302304149,"16":0.830006659,"17":0.829616487,"18":0.8296969533,"19":0.8297498226,"20":0.8291887641,"21":0.8286018968,"22":0.8289216161,"23":0.8288462758,"24":0.8291839361,"25":0.8290265799,"26":0.8291627169,"27":0.8290354609,"28":0.8292933106,"29":0.8294245601,"30":0.8290008307,"31":0.8294073343,"32":0.8291584849,"33":0.8292118907,"34":0.8290377855},"updated_mean_io_u":{"0":0.0854293033,"1":0.2230453044,"2":0.279435277,"3":0.3122517765,"4":0.3353845477,"5":0.3565865755,"6":0.3729654551,"7":0.3869760633,"8":0.4009464383,"9":0.4115359783,"10":0.4245118499,"11":0.432926178,"12":0.4420745373,"13":0.4515244067,"14":0.4815451503,"15":0.491995424,"16":0.495213598,"17":0.4988675714,"18":0.5019549131,"19":0.5019711256,"20":0.5038895011,"21":0.5043028593,"22":0.5050253868,"23":0.5055171251,"24":0.5045924187,"25":0.5055035353,"26":0.5045133233,"27":0.505466938,"28":0.5058733821,"29":0.505581975,"30":0.5060424805,"31":0.5058168173,"32":0.506137073,"33":0.5064432621,"34":0.5059720874},"val_loss":{"0":0.5955690742,"1":0.5249795914,"2":0.4984346926,"3":0.4745256007,"4":0.4604111314,"5":0.4507156014,"6":0.4446035028,"7":0.4419867098,"8":0.4393169284,"9":0.439922899,"10":0.433708638,"11":0.4336302578,"12":0.4373508692,"13":0.4387772679,"14":0.4159006476,"15":0.4163312316,"16":0.419388324,"17":0.421159029,"18":0.4164955914,"19":0.4153260887,"20":0.4175072312,"21":0.4162353575,"22":0.4163381159,"23":0.4165360034,"24":0.415004313,"25":0.4156896174,"26":0.4157510102,"27":0.416157335,"28":0.4158016443,"29":0.4161479771,"30":0.415900439,"31":0.4151446521,"32":0.4154871404,"33":0.4161339402,"34":0.4164183438},"val_accuracy":{"0":0.8506293893,"1":0.8456564546,"2":0.8365132809,"3":0.8257447481,"4":0.8235548735,"5":0.8325079679,"6":0.8238087893,"7":0.8271664977,"8":0.8296980858,"9":0.8251217604,"10":0.8089040518,"11":0.8082774878,"12":0.8273210526,"13":0.8238916397,"14":0.8142768145,"15":0.8127633333,"16":0.8171291351,"17":0.8151139021,"18":0.8135321736,"19":0.8150869608,"20":0.8144987822,"21":0.8149780631,"22":0.8143738508,"23":0.8145309687,"24":0.8159873486,"25":0.8144505024,"26":0.8145897388,"27":0.8145737052,"28":0.8148203492,"29":0.8138183355,"30":0.8133382797,"31":0.8142601252,"32":0.8139691949,"33":0.8141437173,"34":0.8142383099},"val_updated_mean_io_u":{"0":0.1855100989,"1":0.2553892136,"2":0.2877176404,"3":0.3218215108,"4":0.3362185359,"5":0.3477779031,"6":0.3593268394,"7":0.3650010228,"8":0.3710845411,"9":0.3762485087,"10":0.3828596175,"11":0.3909994066,"12":0.3832284808,"13":0.3823635578,"14":0.4129709601,"15":0.415463984,"16":0.4146390557,"17":0.4158511162,"18":0.4190369248,"19":0.4192023277,"20":0.419095695,"21":0.4193639159,"22":0.4201568663,"23":0.4194675982,"24":0.4194291532,"25":0.4196240008,"26":0.4193479419,"27":0.4193162024,"28":0.4191071987,"29":0.419190079,"30":0.4197537005,"31":0.4197354913,"32":0.4197412133,"33":0.4195795059,"34":0.418990612},"lr":{"0":0.001,"1":0.001,"2":0.001,"3":0.001,"4":0.001,"5":0.001,"6":0.001,"7":0.001,"8":0.001,"9":0.001,"10":0.001,"11":0.001,"12":0.001,"13":0.001,"14":0.0001,"15":0.0001,"16":0.0001,"17":0.0001,"18":0.00001,"19":0.00001,"20":0.00001,"21":0.00001,"22":0.00001,"23":0.000001,"24":0.000001,"25":0.000001,"26":0.000001,"27":0.000001,"28":0.0000001,"29":0.0000001,"30":0.0000001,"31":0.00000001,"32":0.00000001,"33":0.00000001,"34":0.000000001}}