{"loss":{"0":0.3936702013,"1":0.3306758404,"2":0.3141532242,"3":0.3014837503,"4":0.2906206548,"5":0.2807781994,"6":0.2709316611,"7":0.2612730861,"8":0.2516399324,"9":0.231578052,"10":0.2253108621,"11":0.2220120132,"12":0.2191943675,"13":0.2178848535,"14":0.2172583193,"15":0.2169363648,"16":0.2165729254,"17":0.2162208259,"18":0.2158476412,"19":0.215572685,"20":0.2152418345,"21":0.2149627209,"22":0.2147080153,"23":0.2143631428,"24":0.214214474,"25":0.2137996703,"26":0.2135434449,"27":0.2132653445,"28":0.213020429,"29":0.212685883,"30":0.2125306129,"31":0.2121731639,"32":0.211940214,"33":0.2116101682,"34":0.2114136517,"35":0.2111616582},"accuracy":{"0":0.8936854601,"1":0.8790069222,"2":0.8760323524,"3":0.8737803102,"4":0.8717681766,"5":0.8698877692,"6":0.8680580854,"7":0.8662264943,"8":0.8643862605,"9":0.8618271351,"10":0.8604021668,"11":0.8597652316,"12":0.858951509,"13":0.8589800596,"14":0.8589705825,"15":0.8589111567,"16":0.8588153124,"17":0.8587957025,"18":0.8587324619,"19":0.85870713,"20":0.8586206436,"21":0.8585713506,"22":0.8584722281,"23":0.8584573269,"24":0.8583731651,"25":0.8583709002,"26":0.8582484722,"27":0.8582396507,"28":0.8581676483,"29":0.8581621051,"30":0.8580837846,"31":0.8580120802,"32":0.8579483032,"33":0.8579759598,"34":0.8578955531,"35":0.8578588367},"val_loss":{"0":0.3422457576,"1":0.3320302665,"2":0.3244847059,"3":0.3226241171,"4":0.3237248063,"5":0.319434315,"6":0.3259769678,"7":0.3238042593,"8":0.3301075399,"9":0.3221660256,"10":0.3248762488,"11":0.3308310211,"12":0.3246141672,"13":0.3270215988,"14":0.3270273209,"15":0.3258844018,"16":0.326533258,"17":0.3288098574,"18":0.3266136348,"19":0.3257339299,"20":0.3280979991,"21":0.327382654,"22":0.3278447092,"23":0.3277643621,"24":0.3288059831,"25":0.3270306289,"26":0.334908545,"27":0.3275810182,"28":0.3296503127,"29":0.3333480358,"30":0.3287676871,"31":0.3318570852,"32":0.334389478,"33":0.3294580877,"34":0.3317300081,"35":0.3302041888},"val_accuracy":{"0":0.8806752563,"1":0.8777117729,"2":0.876917541,"3":0.8765711784,"4":0.8762016296,"5":0.875341475,"6":0.8749839664,"7":0.8751427531,"8":0.8746840954,"9":0.869107306,"10":0.8686267734,"11":0.8674476743,"12":0.8677100539,"13":0.8676527143,"14":0.866987288,"15":0.8668504357,"16":0.8669340014,"17":0.8660232425,"18":0.8671109676,"19":0.867316246,"20":0.8667145967,"21":0.8661341071,"22":0.8670917749,"23":0.8673785329,"24":0.8666248322,"25":0.8673152328,"26":0.8665423393,"27":0.8668364286,"28":0.8670516014,"29":0.8664891124,"30":0.8666174412,"31":0.8669876456,"32":0.8667190671,"33":0.8663737178,"34":0.8664687276,"35":0.866874218},"lr":{"0":0.001,"1":0.001,"2":0.001,"3":0.001,"4":0.001,"5":0.001,"6":0.001,"7":0.001,"8":0.001,"9":0.0001,"10":0.0001,"11":0.0001,"12":0.00001,"13":0.00001,"14":0.00001,"15":0.00001,"16":0.00001,"17":0.00001,"18":0.00001,"19":0.00001,"20":0.00001,"21":0.00001,"22":0.00001,"23":0.00001,"24":0.00001,"25":0.00001,"26":0.00001,"27":0.00001,"28":0.00001,"29":0.00001,"30":0.00001,"31":0.00001,"32":0.00001,"33":0.00001,"34":0.00001,"35":0.00001}}