{"loss":{"0":0.4666459858,"1":0.2622592747,"2":0.234309271,"3":0.2188003659,"4":0.2074225545,"5":0.1991161555,"6":0.1917764992,"7":0.1847584844,"8":0.1791375428,"9":0.1730265766,"10":0.1676723212,"11":0.1635208428,"12":0.1484194249,"13":0.1435567737,"14":0.1415951848,"15":0.1407555044,"16":0.1375671178,"17":0.136989966,"18":0.1373141408,"19":0.1371179521,"20":0.1367386729,"21":0.1362032741,"22":0.1371169835,"23":0.1360213459,"24":0.1363272369,"25":0.1353222132,"26":0.1359574199,"27":0.1363195181,"28":0.1368641406,"29":0.1363203079,"30":0.1355472207,"31":0.1355419606,"32":0.1354732066,"33":0.1356340945,"34":0.1356363744,"35":0.1360537857,"36":0.1358464956,"37":0.1348986477,"38":0.1357046068,"39":0.1361469924,"40":0.135688439,"41":0.1360924244,"42":0.1353616565,"43":0.1355106533,"44":0.1349338889,"45":0.1362306774,"46":0.136097014,"47":0.1356840581,"48":0.1356266439,"49":0.1360067576,"50":0.1351243705,"51":0.1359730065,"52":0.1363143623,"53":0.1358436644,"54":0.1363576651,"55":0.1359077543,"56":0.1363365352,"57":0.1353367269,"58":0.1358291358},"accuracy":{"0":0.8907174468,"1":0.872127831,"2":0.8662312031,"3":0.8638595343,"4":0.8619485497,"5":0.8601808548,"6":0.8590177298,"7":0.8586190343,"8":0.8569315672,"9":0.8564325571,"10":0.8551501036,"11":0.8549301028,"12":0.8537508249,"13":0.852745235,"14":0.8534522057,"15":0.8520007133,"16":0.8520482183,"17":0.8520975113,"18":0.8521047235,"19":0.8522508144,"20":0.851977706,"21":0.8519722223,"22":0.8518589139,"23":0.8522645235,"24":0.8523520827,"25":0.8519602418,"26":0.8518834114,"27":0.8519300818,"28":0.851931572,"29":0.8519048095,"30":0.8514868617,"31":0.8520409465,"32":0.8524839878,"33":0.8525397182,"34":0.8521066308,"35":0.8528146744,"36":0.8521894217,"37":0.8523702621,"38":0.8525097966,"39":0.8520486355,"40":0.8520793915,"41":0.8520975709,"42":0.8517654538,"43":0.8520997167,"44":0.8526422977,"45":0.8517505527,"46":0.851626277,"47":0.8516666889,"48":0.8527992368,"49":0.8520658612,"50":0.8518662453,"51":0.8521511555,"52":0.8507503867,"53":0.8513302207,"54":0.8526118398,"55":0.8517359495,"56":0.8520562053,"57":0.8518581986,"58":0.8517249823},"updated_mean_io_u":{"0":0.3141651154,"1":0.507474184,"2":0.5516989827,"3":0.5746510029,"4":0.5931130052,"5":0.6031633615,"6":0.6136784554,"7":0.6247005463,"8":0.6342508793,"9":0.6451408267,"10":0.6539849043,"11":0.6601718068,"12":0.6860414743,"13":0.6953056455,"14":0.697928369,"15":0.6999616027,"16":0.7055977583,"17":0.7065511942,"18":0.7061082721,"19":0.7065880895,"20":0.7057444453,"21":0.7082817554,"22":0.7064960003,"23":0.7074431181,"24":0.7074270248,"25":0.7088508606,"26":0.7078387737,"27":0.7081992626,"28":0.706776917,"29":0.7071661353,"30":0.7087503672,"31":0.7082197666,"32":0.7084930539,"33":0.707832396,"34":0.7084966898,"35":0.7065187693,"36":0.7080047131,"37":0.7094753385,"38":0.7091473341,"39":0.7086824775,"40":0.7085643411,"41":0.7079656124,"42":0.7093706131,"43":0.7088891864,"44":0.7092789412,"45":0.7076893449,"46":0.7073099613,"47":0.7088166475,"48":0.7073870897,"49":0.7083422542,"50":0.7093442082,"51":0.708663404,"52":0.7087627053,"53":0.7098400593,"54":0.7063840628,"55":0.7082182169,"56":0.7072892189,"57":0.7085083723,"58":0.7080737352},"val_loss":{"0":0.3249301314,"1":0.2837104797,"2":0.2626884282,"3":0.2622544169,"4":0.2666328847,"5":0.2499007881,"6":0.256718576,"7":0.2580554783,"8":0.2387927026,"9":0.2405682653,"10":0.2543487847,"11":0.2531391084,"12":0.2247693837,"13":0.2277473509,"14":0.2281904817,"15":0.2288564444,"16":0.2257125229,"17":0.225373596,"18":0.2242108136,"19":0.2232142985,"20":0.2243590653,"21":0.2250346392,"22":0.2239167392,"23":0.2231317312,"24":0.2247014046,"25":0.2227659374,"26":0.2277305871,"27":0.2226715684,"28":0.2228554487,"29":0.2266839445,"30":0.2234860212,"31":0.2239555418,"32":0.2259426415,"33":0.2226112634,"34":0.2257038206,"35":0.2230093926,"36":0.2223443538,"37":0.2230632752,"38":0.2237305641,"39":0.224132359,"40":0.2232745737,"41":0.222344026,"42":0.2255119383,"43":0.2227570713,"44":0.2228778899,"45":0.2221389711,"46":0.2224873006,"47":0.2259841561,"48":0.2221291959,"49":0.2232825607,"50":0.2235865146,"51":0.2223211527,"52":0.2228246182,"53":0.2233157158,"54":0.2228377163,"55":0.2223758698,"56":0.2233747244,"57":0.2236746699,"58":0.2227483243},"val_accuracy":{"0":0.8791608214,"1":0.8515355587,"2":0.8570241332,"3":0.8464184999,"4":0.8348401785,"5":0.8451179862,"6":0.848154068,"7":0.84787637,"8":0.8528832793,"9":0.8554369211,"10":0.8614839911,"11":0.8516457677,"12":0.853267312,"13":0.8498255014,"14":0.849788785,"15":0.8497357368,"16":0.8536384702,"17":0.8521384597,"18":0.8528416753,"19":0.85233289,"20":0.852308929,"21":0.8519206047,"22":0.8532539606,"23":0.8523717523,"24":0.8517767191,"25":0.8521806002,"26":0.8524421453,"27":0.8525055647,"28":0.8527177572,"29":0.851295054,"30":0.8519975543,"31":0.852652967,"32":0.8508278131,"33":0.8517197967,"34":0.8525725007,"35":0.8527330756,"36":0.8528194427,"37":0.851434052,"38":0.8524772525,"39":0.8529906869,"40":0.8522462249,"41":0.8525691628,"42":0.8516523242,"43":0.8527684808,"44":0.8521086574,"45":0.8532637954,"46":0.853096664,"47":0.8518676162,"48":0.8524828553,"49":0.853168726,"50":0.8517361879,"51":0.8519955277,"52":0.8521393538,"53":0.85085392,"54":0.8528959155,"55":0.8525032401,"56":0.8514128923,"57":0.8518595695,"58":0.8526421189},"val_updated_mean_io_u":{"0":0.436616987,"1":0.5236418247,"2":0.5425366759,"3":0.5530138612,"4":0.5549576879,"5":0.5741809607,"6":0.5686585903,"7":0.5708953738,"8":0.5870609879,"9":0.5898731351,"10":0.5875942707,"11":0.5860562325,"12":0.6086724401,"13":0.6122957468,"14":0.6168091893,"15":0.6145218611,"16":0.6138872504,"17":0.6148660183,"18":0.6149767041,"19":0.6155070662,"20":0.6166701317,"21":0.6146102548,"22":0.6148302555,"23":0.6163011193,"24":0.6120280623,"25":0.6148629785,"26":0.6124636531,"27":0.6154842973,"28":0.6165004969,"29":0.6133941412,"30":0.6138267517,"31":0.6140040755,"32":0.6115205288,"33":0.6162315011,"34":0.6121233106,"35":0.6147928238,"36":0.6150715947,"37":0.616222918,"38":0.6141424775,"39":0.6132637262,"40":0.6140812039,"41":0.6161136031,"42":0.6162896752,"43":0.6146287322,"44":0.6157815456,"45":0.6150906086,"46":0.6146602035,"47":0.6129985452,"48":0.6152837276,"49":0.61627841,"50":0.6171123981,"51":0.6156556606,"52":0.6149042845,"53":0.6155782938,"54":0.6148079634,"55":0.6146810651,"56":0.6166966558,"57":0.6147048473,"58":0.6150472164},"lr":{"0":0.001,"1":0.001,"2":0.001,"3":0.001,"4":0.001,"5":0.001,"6":0.001,"7":0.001,"8":0.001,"9":0.001,"10":0.001,"11":0.001,"12":0.0001,"13":0.0001,"14":0.0001,"15":0.0001,"16":0.00001,"17":0.00001,"18":0.00001,"19":0.00001,"20":0.00001,"21":0.00001,"22":0.00001,"23":0.000001,"24":0.000001,"25":0.000001,"26":0.000001,"27":0.000001,"28":0.000001,"29":0.0000001,"30":0.0000001,"31":0.0000001,"32":0.00000001,"33":0.00000001,"34":0.00000001,"35":0.00000001,"36":0.00000001,"37":0.00000001,"38":0.00000001,"39":0.00000001,"40":0.000000001,"41":0.000000001,"42":0.000000001,"43":0.0000000001,"44":0.0000000001,"45":0.0000000001,"46":0.0000000001,"47":0.0000000001,"48":0.0000000001,"49":0.0000000001,"50":0.0000000001,"51":0.0000000001,"52":0.0000000001,"53":0.0000000001,"54":0.0000000001,"55":0.0000000001,"56":0.0000000001,"57":0.0000000001,"58":0.0000000001}}