{"loss":{"0":0.6791006327,"1":0.4841833115,"2":0.4362354577,"3":0.4084756076,"4":0.3881025612,"5":0.3728408515,"6":0.3596221805,"7":0.3479034603,"8":0.3372695148,"9":0.3285526335,"10":0.3205175102,"11":0.3123987913,"12":0.3051024377,"13":0.2986165881,"14":0.2922716141,"15":0.2692140043,"16":0.2624611557,"17":0.2587704659,"18":0.2563153207,"19":0.2547067106,"20":0.2535248697,"21":0.2532520592,"22":0.2525295913,"23":0.2523145676,"24":0.2517979145,"25":0.2512021065,"26":0.2520611584,"27":0.2513868809,"28":0.251534611,"29":0.25093171,"30":0.2508559227,"31":0.2508960366},"accuracy":{"0":0.907050848,"1":0.8689112663,"2":0.8588511944,"3":0.8529478312,"4":0.8490561843,"5":0.8462628722,"6":0.8438830972,"7":0.8420311809,"8":0.839779675,"9":0.8382755518,"10":0.8368731141,"11":0.8354781866,"12":0.8345425725,"13":0.8331861496,"14":0.832988143,"15":0.8297304511,"16":0.8291928768,"17":0.8289078474,"18":0.8287573457,"19":0.8279108405,"20":0.8277715445,"21":0.8280909061,"22":0.8281883597,"23":0.8281002641,"24":0.8283367157,"25":0.8282452822,"26":0.8279982209,"27":0.8280079365,"28":0.8284993172,"29":0.8284305334,"30":0.8286569715,"31":0.8280215859},"updated_mean_io_u":{"0":0.1016802192,"1":0.2450631112,"2":0.2948859632,"3":0.3274846077,"4":0.3368889689,"5":0.3457300663,"6":0.3622648418,"7":0.3536779284,"8":0.3725337684,"9":0.37857759,"10":0.4195514917,"11":0.4053856432,"12":0.4127104282,"13":0.4070287347,"14":0.4211827219,"15":0.4499750435,"16":0.4844759405,"17":0.4894541502,"18":0.4538571537,"19":0.492746383,"20":0.467835933,"21":0.4732004404,"22":0.4903098643,"23":0.4635055959,"24":0.4923603535,"25":0.4654534161,"26":0.4912602603,"27":0.4920155108,"28":0.4694482684,"29":0.4589312971,"30":0.4926144779,"31":0.4655793309},"val_loss":{"0":0.5836904645,"1":0.50458318,"2":0.4790568054,"3":0.4699733257,"4":0.4536779523,"5":0.4482635558,"6":0.4460687339,"7":0.4424400628,"8":0.4411138594,"9":0.4432010651,"10":0.4371937513,"11":0.4332182705,"12":0.4340269864,"13":0.4383865893,"14":0.4482822418,"15":0.4243961871,"16":0.4259561896,"17":0.4246122837,"18":0.4262981713,"19":0.4218100309,"20":0.4232372642,"21":0.4216013253,"22":0.4224749804,"23":0.4231877923,"24":0.4229127467,"25":0.4225173891,"26":0.4227092564,"27":0.4232189953,"28":0.422595799,"29":0.4232291579,"30":0.4221324921,"31":0.4223038256},"val_accuracy":{"0":0.8375427723,"1":0.8382096291,"2":0.8336908817,"3":0.8358976841,"4":0.81115973,"5":0.8165180087,"6":0.8240922093,"7":0.8278035522,"8":0.8257470131,"9":0.8200989962,"10":0.8248087168,"11":0.8090397716,"12":0.8222070336,"13":0.8146748543,"14":0.8205337524,"15":0.8147594333,"16":0.8170481324,"17":0.8142402172,"18":0.8138616085,"19":0.8159870505,"20":0.8165897727,"21":0.816552341,"22":0.8160161972,"23":0.8160714507,"24":0.8163633943,"25":0.815864563,"26":0.8157531619,"27":0.8157801628,"28":0.815623045,"29":0.8155513406,"30":0.8151843548,"31":0.8157613277},"val_updated_mean_io_u":{"0":0.1991771907,"1":0.273930192,"2":0.298350513,"3":0.318810612,"4":0.3517424166,"5":0.3552505374,"6":0.3595195413,"7":0.3662374616,"8":0.3711851537,"9":0.3717009723,"10":0.3765189052,"11":0.3880470395,"12":0.3794008791,"13":0.3946537077,"14":0.3898072839,"15":0.4125698507,"16":0.4108398855,"17":0.4145938754,"18":0.4134114385,"19":0.4172753692,"20":0.4165281355,"21":0.4174024165,"22":0.4180091321,"23":0.4177930951,"24":0.4172550142,"25":0.4172371924,"26":0.4172662795,"27":0.417452395,"28":0.4173375964,"29":0.4169023633,"30":0.4175019264,"31":0.4174293578},"lr":{"0":0.001,"1":0.001,"2":0.001,"3":0.001,"4":0.001,"5":0.001,"6":0.001,"7":0.001,"8":0.001,"9":0.001,"10":0.001,"11":0.001,"12":0.001,"13":0.001,"14":0.001,"15":0.0001,"16":0.0001,"17":0.0001,"18":0.0001,"19":0.00001,"20":0.00001,"21":0.00001,"22":0.00001,"23":0.00001,"24":0.00001,"25":0.000001,"26":0.000001,"27":0.000001,"28":0.0000001,"29":0.0000001,"30":0.0000001,"31":0.00000001}}