{"loss":{"0":0.3708423972,"1":0.3157684505,"2":0.3008174002,"3":0.2897560298,"4":0.2844258845,"5":0.2773931026,"6":0.2705032229,"7":0.2671234012,"8":0.25999704,"9":0.2563073337,"10":0.2511515617,"11":0.2482042164,"12":0.2307529747,"13":0.2262430936,"14":0.226029858,"15":0.2236178815,"16":0.2220429033,"17":0.2221361101,"18":0.2222463042,"19":0.2198785841,"20":0.2214906812,"21":0.2205545455,"22":0.2217538059,"23":0.2206086218,"24":0.2192903012,"25":0.2192131281,"26":0.2203137279,"27":0.2213938385,"28":0.2198907286,"29":0.2191271931,"30":0.2191745937,"31":0.2192204893,"32":0.2194599956,"33":0.2193929404,"34":0.2190029323,"35":0.2184067219,"36":0.2190076709,"37":0.219490692,"38":0.2188389152,"39":0.2184625417,"40":0.2170958072,"41":0.2185864747,"42":0.2188257873,"43":0.2189080864,"44":0.2182752043,"45":0.2187843025,"46":0.2175492644,"47":0.217391625,"48":0.2174401581,"49":0.2168330103,"50":0.2169185281,"51":0.2169913352,"52":0.2176135927,"53":0.2159281224,"54":0.2165718526,"55":0.2161041498,"56":0.2159506828,"57":0.2175312787,"58":0.2157916278,"59":0.2177202553,"60":0.2165236026,"61":0.2158788294,"62":0.2160005867,"63":0.2155966312,"64":0.2150530964,"65":0.2160410434,"66":0.2144943327,"67":0.2169380933,"68":0.2156061828,"69":0.214752838,"70":0.215263322,"71":0.2148697525,"72":0.2145242244,"73":0.215759635,"74":0.2150263488,"75":0.2159706652,"76":0.2142199129,"77":0.2143181562,"78":0.2126173377,"79":0.2150892466,"80":0.2144385278,"81":0.2148133069,"82":0.2149243802,"83":0.2147306055,"84":0.2143300027,"85":0.214222461,"86":0.2147743404,"87":0.212842837,"88":0.213613674,"89":0.2133334279,"90":0.2150270194,"91":0.2132995725,"92":0.2127759755,"93":0.2118424028,"94":0.2135177702,"95":0.2130511701,"96":0.2132239789,"97":0.2128685862,"98":0.2127646059,"99":0.2121458352},"accuracy":{"0":0.8997896314,"1":0.8853822947,"2":0.8837564588,"3":0.8821617961,"4":0.8801167011,"5":0.8790832162,"6":0.8786799908,"7":0.8769933581,"8":0.8767155409,"9":0.8750428557,"10":0.8749191165,"11":0.8734977841,"12":0.8718405366,"13":0.8712332845,"14":0.8702334762,"15":0.8706580997,"16":0.8699994683,"17":0.8696923256,"18":0.8699490428,"19":0.8704835773,"20":0.8698109388,"21":0.870146811,"22":0.8691948056,"23":0.86981076,"24":0.8702108264,"25":0.8695740104,"26":0.8699879646,"27":0.869001925,"28":0.8696861267,"29":0.8692942262,"30":0.8701426983,"31":0.8696860671,"32":0.8697441816,"33":0.869546771,"34":0.8697149158,"35":0.8700402975,"36":0.8695868254,"37":0.8693739176,"38":0.8694096208,"39":0.8695352674,"40":0.869669497,"41":0.8695113063,"42":0.8694499135,"43":0.8689749837,"44":0.8691189885,"45":0.8689923882,"46":0.8696243763,"47":0.8694790602,"48":0.8693851233,"49":0.8690675497,"50":0.869160831,"51":0.8695743084,"52":0.869391799,"53":0.8697792292,"54":0.8690634966,"55":0.8690859675,"56":0.8689255118,"57":0.8694291115,"58":0.8690636158,"59":0.8684924245,"60":0.8684853911,"61":0.8690857887,"62":0.8681521416,"63":0.86910671,"64":0.8690735698,"65":0.8690810204,"66":0.8694584966,"67":0.8686285019,"68":0.8683367968,"69":0.868563056,"70":0.8685748577,"71":0.8692037463,"72":0.8688416481,"73":0.8685910106,"74":0.8683439493,"75":0.8680654168,"76":0.8689513803,"77":0.869192183,"78":0.86896348,"79":0.8688368201,"80":0.8684181571,"81":0.8687158227,"82":0.8682910204,"83":0.8681873083,"84":0.8684176803,"85":0.8681886196,"86":0.8684190512,"87":0.8684167862,"88":0.8684847355,"89":0.8683254123,"90":0.868139267,"91":0.8681704402,"92":0.8684666753,"93":0.868806541,"94":0.8682491779,"95":0.868753314,"96":0.8682570457,"97":0.8679769635,"98":0.8680878878,"99":0.8682923913},"val_loss":{"0":0.3239490092,"1":0.3161903322,"2":0.2989079654,"3":0.3075188398,"4":0.2980968654,"5":0.2915238142,"6":0.2896016836,"7":0.2929460704,"8":0.283500731,"9":0.2933650315,"10":0.2902760506,"11":0.2909133434,"12":0.2831528485,"13":0.2835735083,"14":0.2852038145,"15":0.2908593416,"16":0.2857143581,"17":0.289614886,"18":0.2811639011,"19":0.284167856,"20":0.2938744426,"21":0.2850758731,"22":0.2867079973,"23":0.2876546383,"24":0.2819844782,"25":0.2914066613,"26":0.291175127,"27":0.2828787863,"28":0.2863225341,"29":0.2898625731,"30":0.2834967673,"31":0.2917760015,"32":0.2924553454,"33":0.2923601866,"34":0.2922513485,"35":0.2858355939,"36":0.2880407572,"37":0.2825214565,"38":0.2847449183,"39":0.2856617272,"40":0.292380929,"41":0.2886890769,"42":0.2875647843,"43":0.2881082594,"44":0.2985714078,"45":0.2810716331,"46":0.288402617,"47":0.2980361581,"48":0.2833846807,"49":0.2871853709,"50":0.2803509533,"51":0.2875783443,"52":0.2849219143,"53":0.2811670601,"54":0.2883861065,"55":0.2842342556,"56":0.288090378,"57":0.2788135111,"58":0.2844459713,"59":0.2907461524,"60":0.2929684818,"61":0.2849068344,"62":0.2858529985,"63":0.2822676599,"64":0.286731869,"65":0.2948684692,"66":0.2905478179,"67":0.2833259106,"68":0.2976206839,"69":0.2840377986,"70":0.2886244655,"71":0.2904616594,"72":0.2882622778,"73":0.2824608088,"74":0.2846108973,"75":0.2761487067,"76":0.2886473536,"77":0.2855070233,"78":0.2943491936,"79":0.2882143855,"80":0.286793828,"81":0.2853092551,"82":0.2918775082,"83":0.2883944809,"84":0.2796877921,"85":0.2857005298,"86":0.2805016041,"87":0.288582772,"88":0.2865427732,"89":0.2820185721,"90":0.2983893752,"91":0.2922182977,"92":0.2929543257,"93":0.2874549627,"94":0.2846933007,"95":0.2893464565,"96":0.2835309505,"97":0.2834519744,"98":0.2891067266,"99":0.2884013057},"val_accuracy":{"0":0.8825801611,"1":0.8838370442,"2":0.8854150176,"3":0.8805802464,"4":0.8800626993,"5":0.8806375265,"6":0.8822569251,"7":0.8784612417,"8":0.8807349205,"9":0.8834043741,"10":0.8830035329,"11":0.8787224293,"12":0.8763699532,"13":0.879196465,"14":0.8758056164,"15":0.8755459189,"16":0.8763707876,"17":0.8773512244,"18":0.8787560463,"19":0.8789460659,"20":0.8757793307,"21":0.8760992289,"22":0.8763192296,"23":0.8767567277,"24":0.8772854805,"25":0.8766357899,"26":0.8746041059,"27":0.8774377108,"28":0.8752303123,"29":0.8748281002,"30":0.8783795238,"31":0.8766820431,"32":0.8783024549,"33":0.8750660419,"34":0.8755298257,"35":0.8784531355,"36":0.8769999743,"37":0.876350522,"38":0.8777338862,"39":0.879022181,"40":0.8741317391,"41":0.8770852089,"42":0.8754194379,"43":0.8759973645,"44":0.8746680617,"45":0.8806632757,"46":0.8758746982,"47":0.8754003644,"48":0.876460135,"49":0.8788633347,"50":0.8774930835,"51":0.8761888146,"52":0.8762811422,"53":0.8775190711,"54":0.8765451908,"55":0.8753675222,"56":0.8771814704,"57":0.8762402534,"58":0.877530694,"59":0.8743934035,"60":0.8753578663,"61":0.8768416047,"62":0.8775192499,"63":0.8775786161,"64":0.8767425418,"65":0.8770342469,"66":0.8747674823,"67":0.8774642348,"68":0.8744409084,"69":0.8771234751,"70":0.8752076626,"71":0.8757599592,"72":0.8785663247,"73":0.8769135475,"74":0.8757893443,"75":0.876685977,"76":0.8776087761,"77":0.8760109544,"78":0.8740409613,"79":0.8761351705,"80":0.8763012886,"81":0.8777543306,"82":0.8765925169,"83":0.8768594265,"84":0.8785732985,"85":0.8771731257,"86":0.8769836426,"87":0.8764647245,"88":0.8755429387,"89":0.8745791316,"90":0.8755015731,"91":0.8766329885,"92":0.8754550815,"93":0.8766151667,"94":0.8795468807,"95":0.8748684525,"96":0.8763021827,"97":0.8772586584,"98":0.8779773116,"99":0.8770925999},"lr":{"0":0.001,"1":0.001,"2":0.001,"3":0.001,"4":0.001,"5":0.001,"6":0.001,"7":0.001,"8":0.001,"9":0.001,"10":0.001,"11":0.001,"12":0.0001,"13":0.0001,"14":0.0001,"15":0.0001,"16":0.00001,"17":0.00001,"18":0.00001,"19":0.00001,"20":0.00001,"21":0.00001,"22":0.00001,"23":0.00001,"24":0.00001,"25":0.00001,"26":0.00001,"27":0.00001,"28":0.00001,"29":0.00001,"30":0.00001,"31":0.00001,"32":0.00001,"33":0.00001,"34":0.00001,"35":0.00001,"36":0.00001,"37":0.00001,"38":0.00001,"39":0.00001,"40":0.00001,"41":0.00001,"42":0.00001,"43":0.00001,"44":0.00001,"45":0.00001,"46":0.00001,"47":0.00001,"48":0.00001,"49":0.00001,"50":0.00001,"51":0.00001,"52":0.00001,"53":0.00001,"54":0.00001,"55":0.00001,"56":0.00001,"57":0.00001,"58":0.00001,"59":0.00001,"60":0.00001,"61":0.00001,"62":0.00001,"63":0.00001,"64":0.00001,"65":0.00001,