{"loss":{"0":0.4334373474,"1":0.2635280788,"2":0.2340204716,"3":0.2206878513,"4":0.2091323733,"5":0.2039456964,"6":0.1928758621,"7":0.1857834905,"8":0.1804230064,"9":0.1752118617,"10":0.1691928208,"11":0.1633946002,"12":0.1491522342,"13":0.1454179138,"14":0.1423977017,"15":0.1399975419,"16":0.1400296986,"17":0.1371743828,"18":0.1365273297,"19":0.1368588209,"20":0.1363446265,"21":0.1367786378,"22":0.1371617168,"23":0.1354416758,"24":0.135667637,"25":0.1360331625,"26":0.1359146982,"27":0.1357190013,"28":0.1356766075,"29":0.1353924721,"30":0.1354015917,"31":0.1349264681,"32":0.1340447515,"33":0.1341183782,"34":0.1349224001,"35":0.1343720406,"36":0.134012118,"37":0.1344047189,"38":0.1340671331,"39":0.1340412199,"40":0.1343027949,"41":0.1337656528,"42":0.1343688667,"43":0.1333850771,"44":0.1339095831,"45":0.1332931668,"46":0.1331254542,"47":0.1331467181,"48":0.1320928633,"49":0.1325893849,"50":0.1329912394,"51":0.13187401,"52":0.1326979846,"53":0.1328356862,"54":0.1327416599,"55":0.1319168061},"accuracy":{"0":0.8975825906,"1":0.8719565272,"2":0.8663601875,"3":0.8643699884,"4":0.8618783951,"5":0.8598757386,"6":0.8591554165,"7":0.8588936329,"8":0.8572974205,"9":0.8565182686,"10":0.8554866314,"11":0.8555732965,"12":0.8542927504,"13":0.8533140421,"14":0.8531287313,"15":0.8527680635,"16":0.8524895906,"17":0.8521822691,"18":0.8527324796,"19":0.8528905511,"20":0.8523836732,"21":0.8521083593,"22":0.8522192836,"23":0.8523218036,"24":0.8518924713,"25":0.8527491689,"26":0.8522554636,"27":0.8522484303,"28":0.8523644209,"29":0.85219419,"30":0.8521918058,"31":0.8520356417,"32":0.8521004915,"33":0.852078557,"34":0.8523961306,"35":0.8523651361,"36":0.8528226614,"37":0.8522235155,"38":0.8521360755,"39":0.8520028591,"40":0.8518688679,"41":0.8525780439,"42":0.8518781066,"43":0.8519652486,"44":0.8524728417,"45":0.8520931005,"46":0.8516545296,"47":0.8523608446,"48":0.8519844413,"49":0.8518410325,"50":0.8519867659,"51":0.8523749113,"52":0.851606071,"53":0.8518379927,"54":0.8515487313,"55":0.8525180817},"val_loss":{"0":0.2863484621,"1":0.2535048127,"2":0.2505897582,"3":0.2466679364,"4":0.2341188341,"5":0.2333386093,"6":0.2415194809,"7":0.2313304842,"8":0.2295008302,"9":0.2351846844,"10":0.2420597076,"11":0.2455510199,"12":0.208159253,"13":0.205196619,"14":0.2076699883,"15":0.2137182802,"16":0.2195350379,"17":0.2043474317,"18":0.2099817544,"19":0.2110190243,"20":0.2103948146,"21":0.2155408412,"22":0.2137445062,"23":0.2071178555,"24":0.2087893337,"25":0.2011903226,"26":0.2192521244,"27":0.2197203636,"28":0.2137514353,"29":0.2133994251,"30":0.2022547424,"31":0.2087365836,"32":0.2159788162,"33":0.2077330947,"34":0.2218276262,"35":0.211538896,"36":0.2077934742,"37":0.2061557025,"38":0.219874084,"39":0.2082051635,"40":0.2210174203,"41":0.2121730596,"42":0.22017923,"43":0.2113551497,"44":0.2109014243,"45":0.2056061476,"46":0.2109638005,"47":0.2183595449,"48":0.2227984369,"49":0.2135380954,"50":0.2093591392,"51":0.2180872113,"52":0.2135570496,"53":0.2090665549,"54":0.2137604356,"55":0.2074321657},"val_accuracy":{"0":0.8691225648,"1":0.8591506481,"2":0.8475704193,"3":0.8510221839,"4":0.8675584793,"5":0.880038619,"6":0.8684119582,"7":0.865340054,"8":0.870755136,"9":0.8747289181,"10":0.8768543601,"11":0.8820932508,"12":0.8696660995,"13":0.8644698858,"14":0.8713351488,"15":0.8689992428,"16":0.8629208803,"17":0.8631032109,"18":0.8640135527,"19":0.8617162108,"20":0.8659120202,"21":0.8642397523,"22":0.8654032946,"23":0.8678011298,"24":0.8639681935,"25":0.8646931648,"26":0.8636595607,"27":0.8623105884,"28":0.867449522,"29":0.8632746935,"30":0.8636358976,"31":0.863926053,"32":0.8612074852,"33":0.8642072678,"34":0.8660575747,"35":0.8661081791,"36":0.8653223515,"37":0.8645968437,"38":0.8635205626,"39":0.866994679,"40":0.8623984456,"41":0.8621718884,"42":0.8628416061,"43":0.8648761511,"44":0.8619107008,"45":0.8636453748,"46":0.8626461625,"47":0.8644958138,"48":0.864207685,"49":0.8631941676,"50":0.8669943213,"51":0.8638657331,"52":0.8620646,"53":0.8627586365,"54":0.8644488454,"55":0.8611671925},"lr":{"0":0.001,"1":0.001,"2":0.001,"3":0.001,"4":0.001,"5":0.001,"6":0.001,"7":0.001,"8":0.001,"9":0.001,"10":0.001,"11":0.001,"12":0.0001,"13":0.0001,"14":0.0001,"15":0.0001,"16":0.0001,"17":0.00001,"18":0.00001,"19":0.00001,"20":0.00001,"21":0.00001,"22":0.00001,"23":0.00001,"24":0.00001,"25":0.00001,"26":0.00001,"27":0.00001,"28":0.00001,"29":0.00001,"30":0.00001,"31":0.00001,"32":0.00001,"33":0.00001,"34":0.00001,"35":0.00001,"36":0.00001,"37":0.00001,"38":0.00001,"39":0.00001,"40":0.00001,"41":0.00001,"42":0.00001,"43":0.00001,"44":0.00001,"45":0.00001,"46":0.00001,"47":0.00001,"48":0.00001,"49":0.00001,"50":0.00001,"51":0.00001,"52":0.00001,"53":0.00001,"54":0.00001,"55":0.00001}}