{"loss":{"0":0.7552350163,"1":0.6357731223,"2":0.6013358831,"3":0.5816830397,"4":0.5683532357,"5":0.5579224229,"6":0.5505375862,"7":0.5418875217,"8":0.5368582606,"9":0.5312747359,"10":0.5280448198,"11":0.5236914158,"12":0.5204055309,"13":0.5169934034,"14":0.514357686,"15":0.5117477775,"16":0.5085408092,"17":0.506131649,"18":0.5031548142,"19":0.501957655,"20":0.4992898703,"21":0.4979282618,"22":0.4961911738,"23":0.494412303,"24":0.4922792912,"25":0.4902213812,"26":0.4895832539,"27":0.4878467619,"28":0.4868414104,"29":0.484282732,"30":0.4842397869,"31":0.4832612872,"32":0.4643753171,"33":0.461689949,"34":0.4602694511,"35":0.4591587186,"36":0.4594086707,"37":0.4585986435,"38":0.4560612142,"39":0.4562973976,"40":0.455909878,"41":0.4561594129,"42":0.4561258852,"43":0.4558193386,"44":0.4562548101,"45":0.4561959803,"46":0.454670012,"47":0.4552026987,"48":0.4558226168,"49":0.4555567205,"50":0.4552873969,"51":0.4548527896,"52":0.4550312161,"53":0.4559768736,"54":0.4552651644,"55":0.4549437165,"56":0.4551068544},"accuracy":{"0":0.8210266232,"1":0.7999805808,"2":0.794115603,"3":0.7901806831,"4":0.7882096767,"5":0.7869395614,"6":0.7855294347,"7":0.7843120098,"8":0.7835854292,"9":0.7833004594,"10":0.7823020816,"11":0.7817700505,"12":0.7810850739,"13":0.7805837393,"14":0.7800467014,"15":0.7795211673,"16":0.779242754,"17":0.7791737914,"18":0.778968215,"19":0.7781463861,"20":0.7779265642,"21":0.7774593234,"22":0.7774998546,"23":0.7773147821,"24":0.7768703699,"25":0.7767425776,"26":0.7766971588,"27":0.7760904431,"28":0.7762094736,"29":0.7759507298,"30":0.7757065892,"31":0.7754813433,"32":0.7733038068,"33":0.7724903822,"34":0.7725778222,"35":0.7724830508,"36":0.7724897861,"37":0.7718723416,"38":0.772113204,"39":0.7721210718,"40":0.7720470428,"41":0.7722325325,"42":0.7721372843,"43":0.7722638845,"44":0.7720558643,"45":0.7718597651,"46":0.7725285888,"47":0.7720653415,"48":0.7718756795,"49":0.7717740536,"50":0.7720574737,"51":0.7721073627,"52":0.7718641758,"53":0.7717023492,"54":0.7719168663,"55":0.7720068097,"56":0.7722973824},"updated_mean_io_u":{"0":0.1149829626,"1":0.2096037716,"2":0.2391520143,"3":0.2574644685,"4":0.2701759934,"5":0.279155165,"6":0.2873862684,"7":0.2939484119,"8":0.2984496057,"9":0.3031784594,"10":0.3074079454,"11":0.3100764155,"12":0.3138318956,"13":0.3169146776,"14":0.3198152781,"15":0.3218344152,"16":0.3246068954,"17":0.3266098201,"18":0.3286753595,"19":0.330006361,"20":0.3322114944,"21":0.3338601291,"22":0.3353348672,"23":0.3367540836,"24":0.3387052417,"25":0.34037444,"26":0.3416869342,"27":0.343162477,"28":0.3438336551,"29":0.345528543,"30":0.3463582397,"31":0.3472617269,"32":0.3648654819,"33":0.3675302565,"34":0.3685374856,"35":0.3695618808,"36":0.3698990047,"37":0.3710902929,"38":0.3725021183,"39":0.3725055754,"40":0.3724092841,"41":0.3718405962,"42":0.3717544079,"43":0.3731683791,"44":0.3729840517,"45":0.3729025722,"46":0.3741224408,"47":0.3736413419,"48":0.373224169,"49":0.3735418022,"50":0.3733884692,"51":0.3730107248,"52":0.3728338778,"53":0.3730607331,"54":0.3737657666,"55":0.3737192154,"56":0.3731302917},"val_loss":{"0":0.7252342701,"1":0.67532897,"2":0.6565586925,"3":0.6367467642,"4":0.6352944374,"5":0.6264105439,"6":0.6176055074,"7":0.6105777025,"8":0.6160460711,"9":0.6050783992,"10":0.6039191484,"11":0.6018876433,"12":0.6001323462,"13":0.6005846262,"14":0.5962569714,"15":0.5960745811,"16":0.5955368876,"17":0.5962866545,"18":0.5920673609,"19":0.5934595466,"20":0.5927410722,"21":0.5900788903,"22":0.5906550884,"23":0.5906579494,"24":0.5893664956,"25":0.590297997,"26":0.5917418003,"27":0.5881496072,"28":0.5854598284,"29":0.5857271552,"30":0.5879278183,"31":0.5864698291,"32":0.5726230145,"33":0.5723389983,"34":0.5724205971,"35":0.5726608038,"36":0.5723735094,"37":0.5713985562,"38":0.5714691877,"39":0.5698778033,"40":0.5702081323,"41":0.5698803067,"42":0.5696055293,"43":0.5703084469,"44":0.570413053,"45":0.5720471144,"46":0.5693959594,"47":0.569986105,"48":0.5707830787,"49":0.5704263449,"50":0.5701251626,"51":0.5702479482,"52":0.5698379278,"53":0.569855392,"54":0.5701310635,"55":0.5710301399,"56":0.5707306862},"val_accuracy":{"0":0.777015686,"1":0.7702242732,"2":0.7618646622,"3":0.7683900595,"4":0.7801212668,"5":0.781316638,"6":0.7730655074,"7":0.7740527391,"8":0.7870688438,"9":0.7741166353,"10":0.7785342932,"11":0.7760072351,"12":0.7734014988,"13":0.7774770856,"14":0.7747817039,"15":0.7760530114,"16":0.7702872753,"17":0.7735647559,"18":0.7694263458,"19":0.7708591819,"20":0.7624796033,"21":0.7592474818,"22":0.758471489,"23":0.7597127557,"24":0.7585027218,"25":0.7549450994,"26":0.7511423826,"27":0.7581942081,"28":0.7556172609,"29":0.7660651207,"30":0.7652624249,"31":0.7706363797,"32":0.7671980858,"33":0.7658925056,"34":0.7675443292,"35":0.7665814757,"36":0.7672364712,"37":0.7659114599,"38":0.7668828368,"39":0.7660923004,"40":0.7665027976,"41":0.7660912275,"42":0.7670450211,"43":0.7663551569,"44":0.7665834427,"45":0.7663779259,"46":0.7658952475,"47":0.7657856941,"48":0.7658289075,"49":0.7656724453,"50":0.7657156587,"51":0.7654293776,"52":0.7652437091,"53":0.7649720311,"54":0.7651308179,"55":0.765183866,"56":0.7655519247},"val_updated_mean_io_u":{"0":0.1821311712,"1":0.2237844616,"2":0.2459110618,"3":0.2601332068,"4":0.2655157447,"5":0.2754656374,"6":0.2791011333,"7":0.2850019336,"8":0.2854252458,"9":0.2955355346,"10":0.2984917164,"11":0.2991552055,"12":0.3035468459,"13":0.304610312,"14":0.3049863577,"15":0.3061639667,"16":0.3078351617,"17":0.3069543839,"18":0.312035799,"19":0.3116140366,"20":0.3134202957,"21":0.3160717189,"22":0.3160492182,"23":0.3160246909,"24":0.316054225,"25":0.3158265352,"26":0.3146296442,"27":0.3152253926,"28":0.3204889894,"29":0.3169007599,"30":0.3175519407,"31":0.3182420135,"32":0.3331392109,"33":0.3328366578,"34":0.3323204517,"35":0.3321721256,"36":0.3313931227,"37":0.3345537186,"38":0.3341807425,"39":0.3350711763,"40":0.3347063065,"41":0.3354083002,"42":0.3349715471,"43":0.3348206282,"44":0.3356107473,"45":0.3347304165,"46":0.3349804878,"47":0.3352020979,"48":0.3347033858,"49":0.3344915807,"50":0.3350546658,"51":0.3353132606,"52":0.3352798522,"53":0.3349283934,"54":0.3348667324,"55":0.3346505463,"56":0.3349608481},"lr":{"0":0.001,"1":0.001,"2":0.001,"3":0.001,"4":0.001,"5":0.001,"6":0.001,"7":0.001,"8":0.001,"9":0.001,"10":0.001,"11":0.001,"12":0.001,"13":0.001,"14":0.001,"15":0.001,"16":0.001,"17":0.001,"18":0.001,"19":0.001,"20":0.001,"21":0.001,"22":0.001,"23":0.001,"24":0.001,"25":0.001,"26":0.001,"27":0.001,"28":0.001,"29":0.001,"30":0.001,"31":0.001,"32":0.0001,"33":0.0001,"34":0.0001,"35":0.0001,"36":0.0001,"37":0.00001,"38":0.00001,"39":0.00001,"40":0.00001,"41":0.00001,"42":0.00001,"43":0.00001,"44":0.00001,"45":0.00001,"46":0.000001,"47":0.000001,"48":0.000001,"49":0.000001,"50":0.0000001,"51":0.0000001,"52":0.0000001,"53":0.00000001,"54":0.00000001,"55":0.00000001,"56":0.000000001}}