{"loss":{"0":0.4554474652,"1":0.2674341798,"2":0.2391253412,"3":0.2232989371,"4":0.2118802965,"5":0.203515023,"6":0.1995920092,"7":0.1895632893,"8":0.1812823564,"9":0.1642627269,"10":0.1584049016,"11":0.1569084972,"12":0.1544618011,"13":0.1535264999,"14":0.1514251828,"15":0.1494295299,"16":0.1485074162,"17":0.1458399445,"18":0.145760715,"19":0.1451455951,"20":0.1448118836,"21":0.14551498,"22":0.1445640326,"23":0.1448641866,"24":0.1446018219,"25":0.1445046067,"26":0.1434310228,"27":0.1448176354,"28":0.1441870034,"29":0.1445528418,"30":0.1440291256,"31":0.1440536231,"32":0.1448533833,"33":0.143877089,"34":0.1460606903,"35":0.1445322484,"36":0.14421992,"37":0.1445102394,"38":0.1441428363,"39":0.1441902816,"40":0.144031778,"41":0.144769147,"42":0.1429725289,"43":0.1440886706,"44":0.1445387006,"45":0.1440731287,"46":0.1444872171,"47":0.1435547918,"48":0.1444047838,"49":0.1439189315,"50":0.144634068,"51":0.1436615437,"52":0.1449556798,"53":0.1444766968,"54":0.1441516727,"55":0.1442753971},"accuracy":{"0":0.8953937292,"1":0.8738943934,"2":0.8681307435,"3":0.86502707,"4":0.8619218469,"5":0.8612071276,"6":0.8596034646,"7":0.8584386706,"8":0.8578417301,"9":0.8549086452,"10":0.8548204303,"11":0.8543400764,"12":0.8544122577,"13":0.8544650674,"14":0.853705883,"15":0.8539748788,"16":0.8539117575,"17":0.8532387614,"18":0.8537444472,"19":0.8530961275,"20":0.8534225225,"21":0.8541707993,"22":0.8536616564,"23":0.8532649875,"24":0.8527917862,"25":0.8529727459,"26":0.8530933857,"27":0.8537504673,"28":0.8531324863,"29":0.8527069688,"30":0.8539435267,"31":0.8536801934,"32":0.852712512,"33":0.8535438776,"34":0.8524955511,"35":0.8527950644,"36":0.8535307646,"37":0.8532909155,"38":0.8531329632,"39":0.8527196646,"40":0.853085041,"41":0.8533170819,"42":0.8533961177,"43":0.8529709578,"44":0.8528542519,"45":0.8533748388,"46":0.8532497883,"47":0.8526849151,"48":0.8534593582,"49":0.8533608317,"50":0.8528458476,"51":0.8531028628,"52":0.852625668,"53":0.8528395295,"54":0.8535687923,"55":0.8530865312},"updated_mean_io_u":{"0":0.297649771,"1":0.4906723797,"2":0.5453583598,"3":0.5702759027,"4":0.5867293477,"5":0.5953158736,"6":0.6070635319,"7":0.6189645529,"8":0.6301555037,"9":0.6604281068,"10":0.6684930325,"11":0.6725228429,"12":0.6769950986,"13":0.6767465472,"14":0.6810415387,"15":0.684599936,"16":0.6857111454,"17":0.6920143366,"18":0.6908711791,"19":0.6929318309,"20":0.6922698617,"21":0.6910101175,"22":0.6925599575,"23":0.6924994588,"24":0.6942677498,"25":0.6943976879,"26":0.6961634755,"27":0.6939222217,"28":0.6951982975,"29":0.6933522224,"30":0.6938970089,"31":0.693264842,"32":0.6942648292,"33":0.6932721138,"34":0.692655921,"35":0.6943550706,"36":0.694077611,"37":0.6935354471,"38":0.6942635179,"39":0.6948508024,"40":0.69467628,"41":0.6939375401,"42":0.6958639026,"43":0.6949217319,"44":0.6931306124,"45":0.6947644949,"46":0.6925158501,"47":0.6955939531,"48":0.6938511133,"49":0.6947776079,"50":0.6949340105,"51":0.6961421967,"52":0.6940709352,"53":0.6939653754,"54":0.6925951242,"55":0.6938687563},"val_loss":{"0":0.3170982897,"1":0.2925495803,"2":0.2674614191,"3":0.2590394616,"4":0.2495717108,"5":0.2476377338,"6":0.2543483973,"7":0.2488352656,"8":0.2560401857,"9":0.2291413099,"10":0.2300782353,"11":0.2319865227,"12":0.227993086,"13":0.2270127386,"14":0.2285424322,"15":0.2283882052,"16":0.2274698168,"17":0.2241724283,"18":0.2231976688,"19":0.2231026441,"20":0.2240001708,"21":0.2238190025,"22":0.2225440294,"23":0.2224947214,"24":0.2234233171,"25":0.2219586074,"26":0.2263017893,"27":0.2219912857,"28":0.2222631276,"29":0.2261560708,"30":0.2227493376,"31":0.2228020728,"32":0.2254294306,"33":0.221814841,"34":0.2257644236,"35":0.2221085727,"36":0.2216875255,"37":0.2220178843,"38":0.2226327658,"39":0.2236904055,"40":0.2228318602,"41":0.2217373848,"42":0.2248985618,"43":0.2222363204,"44":0.2222342342,"45":0.2213861197,"46":0.2218437493,"47":0.2259357423,"48":0.2214571834,"49":0.2224301696,"50":0.2231705338,"51":0.2216420323,"52":0.2222697884,"53":0.2229028791,"54":0.2222158909,"55":0.2222583741},"val_accuracy":{"0":0.8662377,"1":0.862100482,"2":0.8685737252,"3":0.8530111313,"4":0.8533702493,"5":0.8456425667,"6":0.8596482873,"7":0.8548234701,"8":0.865975678,"9":0.8561625481,"10":0.8550921679,"11":0.8553118706,"12":0.8521302342,"13":0.8544859886,"14":0.8548536897,"15":0.8568345308,"16":0.8527010083,"17":0.8505541086,"18":0.8523669839,"19":0.8528282046,"20":0.8525894284,"21":0.8521721363,"22":0.8518721461,"23":0.8523657322,"24":0.8525642157,"25":0.8525199294,"26":0.8523978591,"27":0.852279067,"28":0.8528091311,"29":0.8509634733,"30":0.851570487,"31":0.8516051769,"32":0.851429522,"33":0.8515664935,"34":0.8520531654,"35":0.8519927859,"36":0.8520337939,"37":0.850989759,"38":0.8524619937,"39":0.852250278,"40":0.8519874215,"41":0.8524053097,"42":0.851523459,"43":0.8531415462,"44":0.8524551988,"45":0.8529877067,"46":0.8526729941,"47":0.8518547416,"48":0.8528671861,"49":0.8525208235,"50":0.8519663811,"51":0.8514261842,"52":0.8520035148,"53":0.8508829474,"54":0.8526646495,"55":0.8524767756},"val_updated_mean_io_u":{"0":0.4440612197,"1":0.507684648,"2":0.5360889435,"3":0.5600520968,"4":0.5660565495,"5":0.5750709772,"6":0.5686861277,"7":0.5797621012,"8":0.5750169158,"9":0.5981839299,"10":0.5987457037,"11":0.5957487822,"12":0.6012025476,"13":0.6055188775,"14":0.6061281562,"15":0.6040386558,"16":0.6066966057,"17":0.6096333861,"18":0.6101228595,"19":0.6086632609,"20":0.6103804111,"21":0.6099976301,"22":0.6105709672,"23":0.6108390093,"24":0.6084931493,"25":0.6101450324,"26":0.6092053056,"27":0.6109026074,"28":0.6093766689,"29":0.6086652875,"30":0.608807981,"31":0.6099755764,"32":0.6054239869,"33":0.6110479236,"34":0.6073209047,"35":0.6101158857,"36":0.6104695797,"37":0.6113704443,"38":0.6087739468,"39":0.6083368063,"40":0.6082903147,"41":0.6109074354,"42":0.6102806926,"43":0.6092529297,"44":0.6105642915,"45":0.6099401712,"46":0.6098086834,"47":0.6067163944,"48":0.6101546884,"49":0.6114468575,"50":0.6122516394,"51":0.6107648611,"52":0.6098894477,"53":0.6103224754,"54":0.6098940969,"55":0.6097891927},"lr":{"0":0.001,"1":0.001,"2":0.001,"3":0.001,"4":0.001,"5":0.001,"6":0.001,"7":0.001,"8":0.001,"9":0.0001,"10":0.0001,"11":0.0001,"12":0.0001,"13":0.0001,"14":0.0001,"15":0.0001,"16":0.0001,"17":0.00001,"18":0.00001,"19":0.00001,"20":0.00001,"21":0.00001,"22":0.000001,"23":0.000001,"24":0.000001,"25":0.000001,"26":0.000001,"27":0.000001,"28":0.000001,"29":0.0000001,"30":0.0000001,"31":0.0000001,"32":0.00000001,"33":0.00000001,"34":0.00000001,"35":0.00000001,"36":0.00000001,"37":0.00000001,"38":0.00000001,"39":0.00000001,"40":0.000000001,"41":0.000000001,"42":0.000000001,"43":0.0000000001,"44":0.0000000001,"45":0.0000000001,"46":0.0000000001,"47":0.0000000001,"48":0.0000000001,"49":0.0000000001,"50":0.0000000001,"51":0.0000000001,"52":0.0000000001,"53":0.0000000001,"54":0.0000000001,"55":0.0000000001}}